cocoa,beans,42
fossil,record,38
fossil,records,34
living,forms,34
blood,pressure,26
science,fiction,25
sense,alternative,25
fiction,stories,25
life,patterns,25
sand,dunes,25
world,ancestral,25
museum,reconstructions,25
male,lab,24
sitting,room,24
manor,house,24
baby,bottles,24
womenmy,generationfor,24
career,opportunities,24
research,fellowship,24
lab,techs,24
male,snakes,24
television,sets,24
negative,mould,23
rock,weaker,23
sheer,effort,23
virus,reproduction,22
changes,hosts,22
host,cells,22
sex,partners,22
cohort,studies,22
virus,load,22
living,nature,21
rain,forest,21
intervening,years,21
theology,student,21
life,upward,21
divine,ends,21
beetle,collecting,21
benevolent,deity,21
divine,design,21
unit,equals,20
conservation,law,20
probability,numbers,20
n,bits,20
entropy,change,20
scaling,factors,20
acid,molecules,20
rain,forests,20
entropy,rises,20
pi,ln,20
lattice,structure,20
concept,equivalent,20
ln,pi,20
equilibrium,positions,20
living,beings,20
vice,versa,20
entropy,unit,20
information,change,20
entropy,concept,20
information,concept,20
family,members,19
collagen,changes,19
muscle,mass,19
mass,decrease,19
pigment,melanin,19
age,spots,19
oil,glands,19
aging,process,19
quack,remedies,19
skin,cancers,19
age,fifty,19
primate,species,18
tool,use,18
partner,combination,18
living,model,18
power,politics,18
reproduction,sounds,18
male,chimpanzee,18
group,members,18
sex,life,18
savanna,baboon,18
sign,language,18
baboon,model,18
primate,tree,18
species,share,18
extinction,hypotheses,17
impact,hypothesis,17
extinction,hypothesis,17
methods,work,17
evidence,present,17
rock,record,17
dinosaur,extinctions,17
acacia,trees,16
living,matter,16
turf,fight,16
food,chain,16
prevailing,cold,16
trophic,pyramid,16
cave,bear,16
temperate,zone,16
growth,dynamics,15
protein,content,15
drier,regions,15
thorny,acacia,15
easternmost,expression,15
wetter,regions,15
woodland,appear,15
fever,tree,15
plant,eaters,15
limiting,factor,15
salt,pans,15
acacia,scrublands,15
scrubland,ideal,15
Cocoa,beans,14
cacoa,tree,14
pure,state,14
chocolate,candy,14
cocoa,tree,14
g,bar,14
ruling,elite,14
world,production,14
fermentation,stage,14
chocolate,contains,14
xocalatl,meaning,14
word,xocalatl,14
moist,climates,14
cocoa,fat,14
cocoa,pods,14
carbon,dioxide,14
fishlike,smell,14
transmutation,hypothesis,13
population,pressure,13
world,viewideas,13
master,metaphor,13
Selection,implies,13
mammal-like,apparatus,12
left,lung,12
basal,snakes,12
body,cavity,12
muscle,action,12
surface,channel,12
blood,sinuses,12
air,storage,12
retractor,muscle,12
recovery,time,12
sulcus,spermaticus,12
pelvic,girdles,12
squamate,hemipenis,12
turn,empties,12
storage,area,12
serpents,resembles,12
squamate,arrangement,12
hind,limbs,12
bridge,users,11
fig,tree,11
bridge-forming,mother,11
mother,empathize,11
yearling,frozen,11
lab,coats,11
departure,call,11
subadult,son,11
bridge,maker,11
bridge,makers,11
subadult,male,11
ground,level,10
life,span,10
genomes,today,10
generation,take,9
blood,vessels,9
abortion,derive,9
abortion,debate,9
press,conference,9
male,primates,9
birth,control,9
spoke,volumes,9
prenatal,care,9
sex,education,9
abortion,issue,9
marine,mammals,8
tiniest,products,8
death,approaches,8
process,acts,8
land,animals,8
civilization,degenerating,7
creation,motif,7
life,cycle,7
woodlike,plank,6
cod,markets,6
twentieth-century,refrigerator,6
gentler,land,6
winter,air,6
humid,weather,6
sea,salt,6
mate,choice,6
eye,level,5
forest,canopy,5
cliff,edges,5
study,species,5
data,collection,5
telephoto,cameras,5
spelunking,club,5
photosynthesis,measurements,5
temperate,bias,5
timber,species,5
speech,deficiencies,4
incisor,teeth,4
gene,flow,4
erectus,populations,4
foremost,proponent,4
humanlike,hominids,4
fossil,hominids,4
erectus,population,4
human,attributes,4
perching,habit,3
cranes,lack,3
living,creatures,3
speciesand,ours,3
skinbright,crimson,3
hind,toe,3
trailing,plumes,3
wingthe,tertials,3
inner,wingthe,3
closest,relatives,3
pair,bonding,3
cranes,share,3
flight,display,3
cosmopolitan,jacanas,3
rattling,movement,2
intelligent,force,2
selection,suffices,2
iridescent,blue,2
antituberculosis,drugs,1
paralyzing,illness,1
drug,treatments,1
living,cells,1
health,officials,1
sulphonamide,prototype,1
